Name,fDate,lDate,activeDays,totalWrite
Lais.la,2018-12-26,2018-12-26,0,1
적폐,2018-12-26,2018-12-26,0,2
시,2018-12-26,2018-12-26,0,2
참치mayo,2018-12-26,2018-12-26,0,9
제엣,2018-12-26,2018-12-26,0,1
ㅇㅇ(175.116),2018-12-26,2018-12-26,0,1
ㅇㅇ(1.246),2018-12-26,2018-12-26,0,1
세인트루이스,2018-12-26,2018-12-26,0,6
의지충만,2018-12-26,2018-12-26,0,1
물아일체,2018-12-26,2018-12-26,0,2
@EE,2018-12-26,2018-12-26,0,3
ㅇㅇ(112.146),2018-12-26,2018-12-26,0,2
레세,2018-12-26,2018-12-26,0,2
ㅇㅇ(39.119),2018-12-26,2018-12-26,0,6
장만돌이,2018-12-26,2018-12-26,0,2
씹덕살인은무죄,2018-12-26,2018-12-26,0,2
ㅇㅇ,2018-12-26,2018-12-26,0,120
ㅇㅇ(220.122),2018-12-26,2018-12-26,0,25
PLEE,2018-12-26,2018-12-26,0,2
날아라하피,2018-12-26,2018-12-26,0,3
셰필드없찐,2018-12-26,2018-12-26,0,11
13R,2018-12-26,2018-12-26,0,2
수뮤,2018-12-26,2018-12-26,0,38
ㅇㅇ(175.223),2018-12-26,2018-12-26,0,41
술4,2018-12-26,2018-12-26,0,16
갓방선찬양,2018-12-26,2018-12-26,0,1
NayaS,2018-12-26,2018-12-26,0,41
ㅇㅇ(223.38),2018-12-26,2018-12-26,0,8
유진이,2018-12-26,2018-12-26,0,2
oo,2018-12-26,2018-12-26,0,7
ㅇㅇ(210.183),2018-12-26,2018-12-26,0,1
월화6,2018-12-26,2018-12-26,0,4
그노답새끼요?,2018-12-26,2018-12-26,0,13
■x,2018-12-26,2018-12-26,0,6
ㅈㅅ,2018-12-26,2018-12-26,0,30
123,2018-12-26,2018-12-26,0,1
ㅇㅇ(110.70),2018-12-26,2018-12-26,0,7
댕댕쟝,2018-12-26,2018-12-26,0,24
ㅇㅇ(219.254),2018-12-26,2018-12-26,0,4
ㅇㅇ(121.124),2018-12-26,2018-12-26,0,6
ㅇㅇ(211.246),2018-12-26,2018-12-26,0,5
고솜좌,2018-12-26,2018-12-26,0,4
ㅇㅇ(175.204),2018-12-26,2018-12-26,0,2
뢰베,2018-12-26,2018-12-26,0,3
KilllMeBaby,2018-12-26,2018-12-26,0,1
ㅇㅇ(119.70),2018-12-26,2018-12-26,0,1
바랑기안,2018-12-26,2018-12-26,0,2
ㅕㅑ,2018-12-26,2018-12-26,0,6
ㅇㅇ(210.218),2018-12-26,2018-12-26,0,4
x131,2018-12-26,2018-12-26,0,5
ㅇㅇ(175.115),2018-12-26,2018-12-26,0,5
ㅇㅇ(125.140),2018-12-26,2018-12-26,0,7
블루문,2018-12-26,2018-12-26,0,4
하루..히...,2018-12-26,2018-12-26,0,10
ㅇㅇ(112.161),2018-12-26,2018-12-26,0,16
ㅇㅇ(116.41),2018-12-26,2018-12-26,0,3
deadmeat,2018-12-26,2018-12-26,0,5
ㅇㅇ(59.7),2018-12-26,2018-12-26,0,2
ㅇㅇ(218.239),2018-12-26,2018-12-26,0,4
클라리아,2018-12-26,2018-12-26,0,4
ㅇㅇ(223.39),2018-12-26,2018-12-26,0,6
BCT,2018-12-26,2018-12-26,0,5
ㅇㅇ(1.226),2018-12-26,2018-12-26,0,1
Typhon,2018-12-26,2018-12-26,0,6
고아아아앙,2018-12-26,2018-12-26,0,7
ㅇㅇ(116.121),2018-12-26,2018-12-26,0,3
ㅇㅇ(221.146),2018-12-26,2018-12-26,0,2
ㅇㅇ(220.74),2018-12-26,2018-12-26,0,6
빅빵,2018-12-26,2018-12-26,0,1
ㅇㅇ(222.102),2018-12-26,2018-12-26,0,2
메이즈_,2018-12-26,2018-12-26,0,3
벽린이,2018-12-26,2018-12-26,0,1
ㅇㅇ(14.51),2018-12-26,2018-12-26,0,1
ㅇㅇ(119.197),2018-12-26,2018-12-26,0,1
코데코데,2018-12-26,2018-12-26,0,10
상냥하신루나님,2018-12-26,2018-12-26,0,7
ㅇㅇ(125.141),2018-12-26,2018-12-26,0,1
ㅇㅇ(61.81),2018-12-26,2018-12-26,0,5
ㅇㅇ(211.227),2018-12-26,2018-12-26,0,1
ㅂㅅ,2018-12-26,2018-12-26,0,4
ㅇㅇ(121.130),2018-12-26,2018-12-26,0,4
neruu,2018-12-26,2018-12-26,0,2
AircraftCarrier,2018-12-26,2018-12-26,0,1
ㅇㅇ(210.103),2018-12-26,2018-12-26,0,1
ㅇㅇ(117.111),2018-12-26,2018-12-26,0,3
룽청,2018-12-26,2018-12-26,0,1
ㄴㄴ,2018-12-26,2018-12-26,0,1
유니콘은살아있다,2018-12-26,2018-12-26,0,4
CΟΠ,2018-12-26,2018-12-26,0,1
ㅇㅇ(183.107),2018-12-26,2018-12-26,0,1
ㅇㅇ(222.117),2018-12-26,2018-12-26,0,2
ㅇㅇ(163.152),2018-12-26,2018-12-26,0,1
도브4,2018-12-26,2018-12-26,0,1
ㅇㅇ(223.62),2018-12-26,2018-12-26,0,3
HAQUA,2018-12-26,2018-12-26,0,1
모포,2018-12-26,2018-12-26,0,1
Redhound022,2018-12-26,2018-12-26,0,1
2301,2018-12-26,2018-12-26,0,1
ㅇㅇ(125.183),2018-12-26,2018-12-26,0,3
ㅇㅇ(121.150),2018-12-26,2018-12-26,0,23
3123,2018-12-26,2018-12-26,0,2
ㅇㅇ(223.33),2018-12-26,2018-12-26,0,4
시나몬카페,2018-12-26,2018-12-26,0,5
정유이,2018-12-26,2018-12-26,0,5
ㅇㅇ(121.141),2018-12-26,2018-12-26,0,5
위스키호텔,2018-12-26,2018-12-26,0,2
이리오너라,2018-12-26,2018-12-26,0,2
은땡이,2018-12-26,2018-12-26,0,2
ㅇㅇ(125.184),2018-12-26,2018-12-26,0,1
ㅇㅇ(211.203),2018-12-26,2018-12-26,0,1
ㅇㅇ(220.83),2018-12-26,2018-12-26,0,4
오마에쿠미코,2018-12-26,2018-12-26,0,11
소금맛솜사탕,2018-12-26,2018-12-26,0,2
헌혈,2018-12-26,2018-12-26,0,1
육구칠사,2018-12-26,2018-12-26,0,1
TheJoker,2018-12-26,2018-12-26,0,2
영양보충제,2018-12-26,2018-12-26,0,3
알샤드,2018-12-26,2018-12-26,0,1
늅늅,2018-12-26,2018-12-26,0,2
코쿠,2018-12-26,2018-12-26,0,9
夢路,2018-12-26,2018-12-26,0,2
Ephemeral,2018-12-26,2018-12-26,0,1
chariot,2018-12-26,2018-12-26,0,1
ㅇㅇ(210.123),2018-12-26,2018-12-26,0,2
ㅇㅇ(58.228),2018-12-26,2018-12-26,0,3
아쿠아코인,2018-12-26,2018-12-26,0,4
예,2018-12-26,2018-12-26,0,2
노가다귀찮음,2018-12-26,2018-12-26,0,1
ㅇㅇ(125.130),2018-12-26,2018-12-26,0,2
ㅇㅇ(180.64),2018-12-26,2018-12-26,0,1
ㅇㅇ(183.96),2018-12-26,2018-12-26,0,2
EDD,2018-12-26,2018-12-26,0,1
ㅇㅇ(220.81),2018-12-26,2018-12-26,0,9
ㅇㅇ(14.49),2018-12-26,2018-12-26,0,1
리디아*,2018-12-26,2018-12-26,0,6
ㅇㅇ(110.8),2018-12-26,2018-12-26,0,2
윾랏,2018-12-26,2018-12-26,0,3
ㅇㅇ(175.212),2018-12-26,2018-12-26,0,1
ㅁㅋㅅ,2018-12-26,2018-12-26,0,1
ㅇㅇ(118.221),2018-12-26,2018-12-26,0,3
ㅇㅇ(118.32),2018-12-26,2018-12-26,0,3
ㅇㅇ(124.61),2018-12-26,2018-12-26,0,1
ㅇㅇ(175.124),2018-12-26,2018-12-26,0,1
하리,2018-12-26,2018-12-26,0,1
아르티옴,2018-12-26,2018-12-26,0,2
ㅇㅇ(222.105),2018-12-26,2018-12-26,0,2
ㅇㅇ(59.2),2018-12-26,2018-12-26,0,1
ㅇㅇ(125.132),2018-12-26,2018-12-26,0,1
ㅇㅇ(221.144),2018-12-26,2018-12-26,0,1
요구르팅,2018-12-26,2018-12-26,0,2
ㅇㅇ(211.207),2018-12-26,2018-12-26,0,5
LH,2018-12-26,2018-12-26,0,1
하뤼.,2018-12-26,2018-12-26,0,1
심술이,2018-12-26,2018-12-26,0,1
Meryu,2018-12-26,2018-12-26,0,1
능능능,2018-12-26,2018-12-26,0,2
응띠,2018-12-26,2018-12-26,0,3
키리코,2018-12-26,2018-12-26,0,10
ㅇㅇ(220.120),2018-12-26,2018-12-26,0,1
ㅇㅇ(203.234),2018-12-26,2018-12-26,0,1
짐레이너,2018-12-26,2018-12-26,0,1
ㅇㅇ(61.33),2018-12-26,2018-12-26,0,4
선갤_사진작가,2018-12-26,2018-12-26,0,1
부시미,2018-12-26,2018-12-26,0,1
ㅇㅇ(106.247),2018-12-26,2018-12-26,0,1
나무발바리,2018-12-26,2018-12-26,0,1
ㅇㅇ(221.161),2018-12-26,2018-12-26,0,1
mshyuk,2018-12-26,2018-12-26,0,3
Xeno,2018-12-26,2018-12-26,0,4
Cvalkyrie,2018-12-26,2018-12-26,0,1
ㅇㅇ(125.181),2018-12-26,2018-12-26,0,2
린하나,2018-12-26,2018-12-26,0,1
토레,2018-12-26,2018-12-26,0,1
남고생,2018-12-26,2018-12-26,0,2
ㅇㅇ(175.205),2018-12-26,2018-12-26,0,2
돈돈도너츠,2018-12-26,2018-12-26,0,1
졷븅쉰그린이,2018-12-26,2018-12-26,0,1
오열하는피카츄,2018-12-26,2018-12-26,0,1
ㅇㅇ(116.44),2018-12-26,2018-12-26,0,3
수오미키워라,2018-12-26,2018-12-26,0,2
ㅇㅇ(58.238),2018-12-26,2018-12-26,0,1
Plutoring,2018-12-26,2018-12-26,0,1
ㅇㅇ(211.36),2018-12-26,2018-12-26,0,2
두둥덩,2018-12-26,2018-12-26,0,1
꼬북이조아,2018-12-26,2018-12-26,0,1
ㅇㅇ(220.70),2018-12-26,2018-12-26,0,1
dd,2018-12-26,2018-12-26,0,1
ㅇㅇ(111.171),2018-12-26,2018-12-26,0,2
ㅇㅇ(121.157),2018-12-26,2018-12-26,0,3
ㅇㅇ(203.226),2018-12-26,2018-12-26,0,1
ㅇㅇ(14.34),2018-12-26,2018-12-26,0,1
ㅇㅇ(207.189),2018-12-26,2018-12-26,0,1
엘펜리트,2018-12-26,2018-12-26,0,5
Makarov4,2018-12-26,2018-12-26,0,1
아주렌,2018-12-26,2018-12-26,0,2
무능한지휘관,2018-12-26,2018-12-26,0,1
무쏠리니,2018-12-26,2018-12-26,0,2
ㅇㅇ(221.156),2018-12-26,2018-12-26,0,1
ㅇㅇ(76.184),2018-12-26,2018-12-26,0,1
망고맛젤리,2018-12-26,2018-12-26,0,1
너도당해봐라,2018-12-26,2018-12-26,0,4
BESM2029,2018-12-26,2018-12-26,0,2
ㅇㅇ(118.41),2018-12-26,2018-12-26,0,1
ㅇㅇ(182.209),2018-12-26,2018-12-26,0,1
000,2018-12-26,2018-12-26,0,1
김텐시,2018-12-26,2018-12-26,0,1
에반게리온,2018-12-26,2018-12-26,0,3
이억조,2018-12-26,2018-12-26,0,1
chocoNcream,2018-12-26,2018-12-26,0,1
김수강,2018-12-26,2018-12-26,0,1
ㅇㅇ(222.98),2018-12-26,2018-12-26,0,1
고구마라떼,2018-12-26,2018-12-26,0,5
ㅇㅇ(123.109),2018-12-26,2018-12-26,0,1
ㅇㅇ(211.218),2018-12-26,2018-12-26,0,1
ㅇㅇ(211.201),2018-12-26,2018-12-26,0,1
ㅇㅇ(211.37),2018-12-26,2018-12-26,0,1
히-,2018-12-26,2018-12-26,0,4
DFST,2018-12-26,2018-12-26,0,2
ㅇㅇ(115.140),2018-12-26,2018-12-26,0,3
흙수저라솔로,2018-12-26,2018-12-26,0,2
챤쿤,2018-12-26,2018-12-26,0,2
ㅇㅇ(59.10),2018-12-26,2018-12-26,0,1
돼지마구,2018-12-26,2018-12-26,0,1
ㅇㅇ(121.182),2018-12-26,2018-12-26,0,2
ㅇㅇ(180.229),2018-12-26,2018-12-26,0,1
ㅇㅇ(58.121),2018-12-26,2018-12-26,0,1
낙서맨,2018-12-26,2018-12-26,0,2
hoehoe,2018-12-26,2018-12-26,0,1
괴도애기,2018-12-26,2018-12-26,0,1
강화중독,2018-12-26,2018-12-26,0,6
Asset,2018-12-26,2018-12-26,0,1
ㅇㅇ(175.121),2018-12-26,2018-12-26,0,1
가련한여중생,2018-12-26,2018-12-26,0,1
ㅇㅇ(220.93),2018-12-26,2018-12-26,0,1
ㅇㅇ(59.15),2018-12-26,2018-12-26,0,1
ㅇㅇ(211.208),2018-12-26,2018-12-26,0,1
마나마나,2018-12-26,2018-12-26,0,1
ㅇㅇ(1.227),2018-12-26,2018-12-26,0,1
ㅇㅇ(222.107),2018-12-26,2018-12-26,0,1
ㅇㅇ(123.214),2018-12-26,2018-12-26,0,1
분노의수컷,2018-12-26,2018-12-26,0,1
Rielu,2018-12-26,2018-12-26,0,1
ㅇㅇ(121.156),2018-12-26,2018-12-26,0,1
박돌이,2018-12-26,2018-12-26,0,3
하쿠리온Ex,2018-12-26,2018-12-26,0,1
ㅁㅇ,2018-12-26,2018-12-26,0,1
ㅇㅇ(36.11),2018-12-26,2018-12-26,0,1
ㅇㅇ(39.7),2018-12-26,2018-12-26,0,5
벤카,2018-12-26,2018-12-26,0,2
파닭파사삭,2018-12-26,2018-12-26,0,1
Enter,2018-12-26,2018-12-26,0,1
네오.쇼타.빔.,2018-12-26,2018-12-26,0,1
아이스킹,2018-12-26,2018-12-26,0,1
딸딸딸3,2018-12-26,2018-12-26,0,1
B-52,2018-12-26,2018-12-26,0,2
ㅇㅇ(210.111),2018-12-26,2018-12-26,0,1
ㅇㅇ(106.253),2018-12-26,2018-12-26,0,1
비읍리을,2018-12-26,2018-12-26,0,1
사제콘,2018-12-26,2018-12-26,0,1
OptimusPrime,2018-12-26,2018-12-26,0,1
꼬마곰탱,2018-12-26,2018-12-26,0,1
비령군,2018-12-26,2018-12-26,0,1
우류우류,2018-12-26,2018-12-26,0,1
ㅇㅇ(218.236),2018-12-26,2018-12-26,0,1
ㅇㄱㄹㅇ,2018-12-26,2018-12-26,0,1
