Name,fYear,fMonth,fDay,lYear,lMonth,lday,activeDays
아루,1,12,10,2,11,26,350
ㅇㅇ(14.40),2,11,11,2,11,27,16
하루히_Mk.II,2,11,20,2,11,27,7
분노조절장애,2,11,18,2,11,27,9
ㅇㅇ(124.54),2,1,29,2,11,27,308
네무이사냐,1,11,28,2,11,26,363
서노하,1,12,12,2,11,27,349
펜타클,2,4,26,2,11,25,216
미우로라,2,10,15,2,11,26,42
ㅇㅇ(218.39),2,7,8,2,11,26,142
ㅇㅇ(223.62),2,1,16,2,11,26,320
상어양반,2,11,26,2,11,26,0
ㅇㅇ(220.86),2,11,26,2,11,26,0
EBSTV수학,2,11,5,2,11,26,21
Mura,2,11,13,2,11,24,11
에리카하르트만,2,7,5,2,11,24,143
Middl2,1,11,29,2,11,26,362
GarrysAusf.S,2,11,7,2,11,24,17
ㅁㅇㄹ,1,12,3,2,11,24,355
죠제트깨물,1,11,28,2,11,23,360
금발미소녀,2,6,21,2,11,23,157
ㅇㅇ(59.11),1,12,7,2,11,26,353
ㅇㅇ(51.38),2,11,26,2,11,26,0
륶동,1,11,27,2,11,23,361
ㅇㅇ(175.119),2,1,28,2,11,25,307
prr,1,12,3,2,11,23,354
ㅇㅇ(39.118),2,7,8,2,11,25,141
ㅇㅇ(110.70),2,1,17,2,11,25,318
콜른,2,11,25,2,11,25,0
ㅇㅇ(175.223),2,1,2,2,11,22,330
0Line0,2,7,3,2,11,22,143
도반,2,9,4,2,11,22,80
ㅇㅇㅇㅇㅇ,2,11,22,2,11,22,0
Lynette.,1,12,6,2,11,23,351
사라토가,2,11,4,2,11,22,18
ㅇㅇ(211.202),2,2,1,2,11,22,300
ㅇㅇ(211.38),2,11,18,2,11,21,3
여신후레,2,7,5,2,11,21,140
네우,2,7,6,2,11,21,139
ㅎㄹㅌㅁ,2,3,21,2,11,21,248
민-산-,1,11,28,2,11,22,359
도덕시험,2,10,2,2,11,21,50
무인초중전차,1,12,4,2,11,22,352
ㅇㅇ(141.223),2,11,19,2,11,22,3
스즈미야하루히,2,11,6,2,11,21,15
크레쉬미르,1,12,3,2,11,19,350
ㅇㅇ(112.163),1,12,19,2,11,19,334
다룬,1,12,2,2,11,18,350
호구,1,11,28,2,11,18,355
미만경마스터,2,2,23,2,11,17,273
CY레곤,2,11,14,2,11,20,6
빅huge맨,1,12,3,2,11,20,351
초록버섯,1,12,17,2,11,20,337
ㄹㅋㄹㄹ,1,11,27,2,11,20,358
ㅇㅇ(112.158),1,11,29,2,11,20,356
Москва,2,1,4,2,11,20,326
dd,1,12,10,2,11,20,344
ㅇㅇ(211.248),2,6,9,2,11,19,165
ggee,1,12,18,2,11,19,335
ㅇㅇ(112.140),2,11,18,2,11,18,0
사라토가 改,2,11,14,2,11,14,0
사탕수수혐의,2,11,13,2,11,14,1
bielke,2,11,13,2,11,13,0
유니버스,2,4,28,2,11,16,205
_Verniy_Teitoku_,2,11,16,2,11,16,0
E.하르트만,1,12,18,2,11,16,332
파르바티,1,12,11,2,11,16,339
힠카리,1,12,1,2,11,14,347
ㅇㅇ(211.219),2,11,14,2,11,14,0
Rapition,2,11,16,2,11,16,0
ㅇㅇ(218.158),2,11,16,2,11,16,0
ㅇㅇ(49.143),2,1,8,2,11,12,314
ㄱㄷㄱ,2,11,12,2,11,12,0
ㄴㄴ,1,12,1,2,11,17,350
axia,1,12,3,2,11,10,341
SergiusYoh,1,11,29,2,11,10,346
은발거유빠,2,11,10,2,11,10,0
ㅇㅇ(121.169),2,11,9,2,11,9,0
ㅇㅇ(49.142),2,11,11,2,11,11,0
MK.197,2,8,19,2,11,11,85
래칵,2,11,5,2,11,5,0
wjznxbej,2,9,15,2,10,30,46
ㅇㅇ(1.239),2,11,12,2,11,12,0
ㅇㅇ(14.33),2,11,5,2,11,5,0
INGfinite,2,11,4,2,11,8,4
ㅇㅇ(175.208),2,3,24,2,11,3,227
AllesKlar,1,12,20,2,11,1,315
ㅇㅇ(222.105),2,10,10,2,10,10,0
ㅇㅇ(211.36),2,1,4,2,10,24,299
cy레곤,2,11,8,2,11,8,0
ㅇㅇ(39.7),2,8,31,2,10,16,47
ㅇㅇ(211.246),2,11,8,2,11,8,0
벽람봇,2,11,8,2,11,8,0
GarrysAusf.M,2,9,21,2,10,13,23
Iriyan,2,10,6,2,10,6,0
김리스,2,10,5,2,10,5,0
Relpek,2,4,1,2,10,5,190
냥냥,2,8,20,2,9,29,40
jsjsi7,2,9,16,2,10,23,38
ㅇㅇ(124.198),2,9,25,2,9,25,0
ㅇㅇ(173.197),2,9,25,2,9,25,0
ㅇㅇ(49.254),2,9,25,2,9,25,0
ㅇㅇ(125.178),2,1,4,2,9,22,266
머리없닭,2,9,21,2,9,21,0
ㄹㄹㄹㄹ,2,9,21,2,9,21,0
AnjfhgkfRk,2,7,3,2,9,20,79
ㅇㅇㅇㅇ,2,9,20,2,9,20,0
찹쌀떡+,2,1,20,2,10,23,282
ㅁㄴㅇㄹ,2,1,29,2,10,24,274
Natoh,2,9,25,2,9,25,0
놈쿤,2,9,24,2,9,24,0
ㅇㅇㅇㄴㄹ,2,9,17,2,9,17,0
로라X소림,1,11,27,2,9,22,298
GarrysOut,2,9,10,2,9,12,2
Assaultslug,1,12,1,2,9,11,282
Melt,2,2,25,2,9,1,193
ㅇㅇ(153.148),2,9,1,2,9,1,0
ㅇㅇ(153.141),2,9,1,2,9,1,0
J_Miller,2,1,8,2,8,31,240
씹폐인,2,7,16,2,9,9,55
PL-01,2,10,2,2,10,2,0
예스블군,2,8,25,2,8,25,0
유딩°,2,7,15,2,9,4,51
빵통님,2,2,14,2,8,15,187
Nega,2,8,12,2,8,12,0
너도당해봐라,2,1,20,2,8,10,207
ㅇㅇㅋ,2,8,22,2,8,22,0
ㅇㅇ(61.74),2,8,19,2,8,19,0
jsjdidi,2,9,16,2,9,16,0
ㅇㅇ(183.97),2,8,19,2,8,19,0
ㅇㅇ(175.112),2,8,19,2,8,19,0
크누아,1,12,2,2,8,19,258
로라X로라,2,8,9,2,8,17,8
뇨블군,2,8,16,2,8,16,0
ㅇㅇ(112.173),2,8,7,2,8,7,0
天狗,1,12,23,2,8,27,245
로널드레이건,2,8,6,2,8,6,0
ㅇㄷㅇㅇ,2,8,5,2,8,5,0
gguudfhu,2,6,2,2,8,4,64
윾동,2,8,4,2,8,4,0
afsdasd,2,7,24,2,7,31,7
텐넨데레,2,7,22,2,7,30,8
루시머,2,7,11,2,8,31,51
작란,2,8,31,2,8,31,0
ㅇㅇ(1.211),2,3,27,2,8,2,130
ㅇㅇ(117.111),2,2,20,2,8,2,168
고가도로,2,7,8,2,8,7,30
아이스주,2,8,2,2,8,2,0
노믈리에,2,8,1,2,8,1,0
d#,2,7,23,2,7,23,0
윾동이,2,7,22,2,7,22,0
ㅇㅇ(118.223),2,6,10,2,7,21,42
한비바,2,7,16,2,7,19,3
ㅇㅇ(59.29),2,7,14,2,7,14,0
갓식,1,12,3,2,7,14,221
야.티.조.아,1,12,28,2,7,14,196
ㅇㅇ(58.239),2,7,13,2,7,13,0
ㅇㅇ(218.52),2,7,13,2,7,13,0
녹물군,2,7,17,2,7,17,0
오징어육계장,2,7,15,2,7,15,0
이블조,2,8,8,2,8,8,0
ㅇㅇ(223.38),1,12,10,2,7,10,210
ㅇㅇ;,1,12,2,2,7,10,218
규소_1,2,7,9,2,7,9,0
봄이X소림,2,7,9,2,7,9,0
ㅇㅅㅇ,2,2,14,2,7,9,150
나무꾼,2,7,9,2,7,9,0
zzzz,2,7,9,2,7,9,0
ㅇㅇ(58.123),1,12,9,2,7,9,210
빅비비빅비비,1,11,27,2,7,8,222
나무쿤,2,7,8,2,7,8,0
실란섹,2,7,8,2,7,8,0
트타캐리함,2,2,13,2,7,8,150
teh69er,2,7,8,2,7,8,0
신들기,2,7,8,2,7,8,0
ㅇㅇ(211.199),2,7,8,2,7,8,0
육해공박이,1,11,28,2,7,8,221
쁑알,1,12,18,2,7,8,200
N.T.,2,7,8,2,7,8,0
ㅇㅇ,2,7,29,2,7,29,0
ㅇㅇ(106.102),2,7,28,2,7,28,0
아큐파이,2,2,27,2,7,27,155
Dddd,2,7,2,2,7,2,0
강과바람,2,6,14,2,6,15,1
Cadencha,2,6,10,2,6,13,3
siiru,2,6,9,2,6,12,3
ㅇㅇ(118.221),2,3,26,2,6,25,92
直,2,7,11,2,7,11,0
ㅇㅇ(211.201),2,7,11,2,7,11,0
Gerste,2,7,10,2,7,11,1
ㅇㅇ(118.218),2,6,17,2,6,21,4
ㅇㅇ(183.99),2,3,14,2,6,16,95
ㄴㅂㄱ,2,6,15,2,6,15,0
sad,2,6,7,2,6,7,0
ㅗㅗ,2,6,5,2,6,8,3
후레쨩,1,11,27,2,6,10,193
sjcididi,2,6,3,2,6,3,0
stormtrooper,2,5,17,2,5,17,0
ㅂㅌㅌㅋ,2,5,16,2,5,16,0
노불끈,2,5,30,2,5,30,0
ㅇㅇ(211.54),2,5,29,2,5,29,0
한그릇뚝딱!,2,5,29,2,5,29,0
뷰링,2,7,4,2,7,6,2
KarlDönitz,2,7,5,2,7,5,0
ㅇㅇ(1.234),2,7,5,2,7,5,0
린민의주먹,2,7,4,2,7,4,0
anjfhgkfRK,1,11,29,2,5,10,160
ㅇㅁㅇ,1,12,10,2,5,1,139
Daifuku,2,4,29,2,4,29,0
ㄴ불끈,2,4,12,2,4,28,16
ㅇ,1,12,11,2,4,28,134
ㅋㅋ,1,12,9,2,4,27,135
ㅁㅁ,2,6,11,2,6,11,0
ㅇㅇ(58.236),2,4,9,2,4,9,0
.,2,4,6,2,5,12,37
ㅇㅇ(220.81),2,4,6,2,4,6,0
않위외않되?,2,3,13,2,4,14,32
명예프라우다,2,4,10,2,4,10,0
ㅇㅇ(180.71),2,2,16,2,4,4,50
Moonmania,2,4,3,2,4,3,0
ㅇㅇ(210.97),2,3,28,2,3,28,0
Vent_d&#39;ouest,2,5,13,2,5,13,0
순 회 열 차,2,3,27,2,3,27,0
9aq3iM2oj,2,3,26,2,3,26,0
AziAron2,2,3,26,2,3,26,0
GarnysOut,2,3,24,2,3,25,1
ㅇㅇ(125.181),2,3,23,2,3,23,0
ㅇㅇ(112.160),2,3,21,2,3,21,0
리빙히어로,2,1,9,2,3,17,70
yㅇㅇ,2,3,14,2,3,17,3
우이,2,4,21,2,4,21,0
Ndear,2,3,16,2,3,16,0
마군이,2,3,15,2,3,15,0
ㅇㅇ(210.104),2,3,14,2,3,15,1
ㅇㅇ(175.199),2,1,23,2,3,5,44
ㅇㅇ(183.100),2,3,10,2,3,10,0
흐아암,2,3,9,2,3,9,0
jsjsjdifi,2,3,8,2,3,8,0
ICEBIRD,2,2,2,2,3,30,59
KonKon,2,3,3,2,3,3,0
ㅇㄹㄴㅁ,2,2,28,2,2,28,0
전차소년,2,2,25,2,2,27,2
kdo.ger,2,2,14,2,2,21,7
메트로열차,2,2,19,2,2,19,0
11,2,1,18,2,3,18,62
Vitollet,1,12,20,2,2,19,54
hdjdidi,1,12,30,2,2,18,43
리얼 위치스,2,2,16,2,2,18,2
ㅇㅇ(221.149),2,2,17,2,3,12,26
ㅇㅇ(58.140),2,2,17,2,2,17,0
사막대위,1,12,10,2,2,17,62
스켓치,2,2,16,2,2,16,0
ㅇㅇ(211.52),2,2,16,2,2,16,0
ㅇㅇ(203.226),2,2,16,2,2,16,0
qq,1,12,9,2,2,12,58
ㅇㅇ(173.198),2,2,9,2,2,13,4
ㅇㅇ(172.85),2,2,11,2,2,11,0
ㅇㅇ(211.185),2,2,10,2,2,13,3
ㅇㅈㅇ,2,2,14,2,2,14,0
ㅇㅇㅇ,2,2,13,2,2,13,0
ㅇㅇ(24.43),2,2,13,2,2,13,0
외노멜,1,12,9,2,2,12,58
aaaa,2,1,3,2,2,7,35
Karayaeins,2,2,6,2,2,6,0
으에엨,1,12,23,2,2,6,38
ㅇㅇ(58.232),2,1,26,2,1,26,0
알라후아크바르,1,11,28,2,1,26,53
ㅇㅇ(14.45),2,1,9,2,1,28,19
나래남p,1,12,6,2,1,27,45
ㅇㅇ(125.186),2,1,23,2,1,23,0
토키,1,12,4,2,2,25,76
ㄴㄴㄴㅁㄴ,2,1,18,2,1,18,0
ㅇㅇㅇㄴㄴ,2,1,14,2,1,14,0
ㅎㄾㅁ,1,11,27,2,1,15,43
logrouacidskor,2,1,11,2,1,11,0
V노블,2,1,11,2,1,11,0
ㅇㅇ(147.46),2,1,11,2,1,11,0
ㅇㅇ(121.151),2,1,5,2,1,17,12
ㅇㅇ(203.130),2,1,16,2,1,16,0
AziAron,2,1,10,2,1,10,0
ㅇㅇ(211.227),2,2,15,2,2,15,0
이시다쇼코,1,11,28,2,1,6,33
화격단,2,1,6,2,1,6,0
ㅇㅇ(118.35),1,12,25,2,1,5,4
zz,1,12,18,2,1,4,10
kylin,1,12,27,1,12,27,0
ㅇㅇ(223.39),1,12,26,1,12,26,0
ㅇㅇ(58.122),1,12,22,1,12,22,0
▩슈빠르타▩,1,12,20,1,12,20,0
ㅇㅇ(203.253),1,12,11,1,12,20,9
ㅇㅇ(210.178),1,12,17,1,12,17,0
스기모토산고,1,12,19,1,12,19,0
리코♥♥,1,12,19,1,12,19,0
ㅇㅇ(121.146),2,1,20,2,1,20,0
ㅇㄴㅇ,1,12,16,1,12,16,0
에이라냐,1,12,15,1,12,15,0
ㅇㅇ(223.33),1,12,11,1,12,11,0
하유라,1,11,27,1,12,10,14
ss,1,12,1,1,12,1,0
ㅇㅇ(210.216),1,11,28,1,11,28,0
aa,1,11,28,1,11,28,0
